Descripcion de la vacante,url de la vacante
Game Developer,https://www.linkedin.com/jobs/view/2381607687/?eBP=CwEAAAF3QjmCyVbHNk2AgyfGuyF7Us1F-Z5aNMgKMSBr9VdxfD1XAP8gdcuBz2ZR_Fl8sMmakAnqqOMwEzbcTgbrfPsqgOolGdYaGYmQxh7JyVuEFtocVrw8JWMRlo-7SLw70ks_pq685FppFWGcqhR6u8SWBuRsiRAF1-_IlKH-RfI0fvTP5RcLhEUusFczsT4m3Ru4uFEyXFTBnXdI_xtzEUN5ZVezr6lfcV4BcOMmlR4L-aXFAjF7JHuO3HE2WIdLW3LQRkQP3myHgl8uxZjefum3Ly_13s8405Ie0aWsT642VHNCvHuTELQ3xLdQp-g7QKh7x5UHb8xVVL7HCS5iYtYvAGDzDwwpOQ4FM_t0s6IiKS7Ysi7khzWH6OxCjV_yYHbdPqjfqVo&recommendedFlavor=IN_NETWORK&refId=6VWt%2Fzeb45l5VfgNoXyC6Q%3D%3D&trackingId=E%2FDpaJntB1JZV2SyUa0ZQg%3D%3D&trk=flagship3_search_srp_jobs
NodeJS Developer,https://www.linkedin.com/jobs/view/2381605866/?eBP=CwEAAAF3QjmCySgmoA6QkqELwg2scpZNYDIbTLgUxdKNvIc39-mKBHHYOSc4n_hFpuIScp90pqjtXAtKMQ3MYlEzbPeGSH2TT42WoEo0bYhH8Jhy055SupAWiuHx5fomuJBo9Tti1pqonZRaMv5tr0wNbr5eEEgMWcX7f25j8RnNSMDuBgmPMgK29-AV0BUTGgOH3jDEUd6uxZn0dOjfM0M0m5WVfpVnuxV5_XHNKMkWKr-ycfMMp9GXJIffgHP8QRL8TqdNqL9dgP_rOnAQFkYlqzEvt2sOvGKoxtkCvmWfswnxpRgBoKD892V543jcp-fqpqtHlPGriIrBD6WoSIIVCkRULU0X6JQ7QkxfTw&recommendedFlavor=IN_NETWORK&refId=6VWt%2Fzeb45l5VfgNoXyC6Q%3D%3D&trackingId=Gizc3NjLc%2BTyVvocPPPJ8g%3D%3D&trk=flagship3_search_srp_jobs
"Blockchain Developer – Remote, Full-time",https://www.linkedin.com/jobs/view/2377821846/?eBP=CwEAAAF3QjmCyVjvxZkoMUgSUFJN0DlaUHqTrkEYoLkTsXdT0lJoXszoIjPrG86pmfB9-_1TPHVIGQfLSHP0I-mwVf7Tp1iez974ed4Q9SEVfEf70Aox-ERNJ0vr7B8mUxCaRAMlboI2haejg3ieN_ZLfpqJdkjpbMnTGnnzwXX7LkYehv03RNNLhqBVzu_DGwOmYeBF9kOVqKjix3jCpjgzXkIYtLTPmf1Fx2ms2e4ORFEk2r-AIoygciEN2ZJQUyOXKp7GzrZVoc5EHLskAS7eUXnklJ5adon4OhBrmt4aqfqSG_4g1vr_g7LdLkqhkZjvxKXCOjsWayNfHdBnwe1QOrdJTYq2iiU04b9fwFBjuLtDyzbI_vwwG6W1aWjB2VPM7hjp7Vv1rxQ&recommendedFlavor=ACTIVELY_HIRING_COMPANY&refId=6VWt%2Fzeb45l5VfgNoXyC6Q%3D%3D&trackingId=73VT6vwYPaG1RZiMDlffpA%3D%3D&trk=flagship3_search_srp_jobs
Python Developer,https://www.linkedin.com/jobs/view/2381606930/?eBP=JOB_SEARCH_ORGANIC&recommendedFlavor=ACTIVELY_HIRING_COMPANY&refId=6VWt%2Fzeb45l5VfgNoXyC6Q%3D%3D&trackingId=iyE%2BxAzAha4s%2FMbpc7Ab2Q%3D%3D&trk=flagship3_search_srp_jobs
Jr. Developer,https://www.linkedin.com/jobs/view/2340756730/?eBP=JOB_SEARCH_ORGANIC&recommendedFlavor=ACTIVELY_HIRING_COMPANY&refId=6VWt%2Fzeb45l5VfgNoXyC6Q%3D%3D&trackingId=f55ApxzdOfQ2fFVzGjYQJA%3D%3D&trk=flagship3_search_srp_jobs
Performance Test Engineer,https://www.linkedin.com/jobs/view/2381609207/?eBP=CwEAAAF3QjmCyd2x_tG0sh5juETGOddyBBrv_6xb_WEOahlhb3fw7BVnxFHE_dEEL9No8xqQx2nqEdQDVkWjzlLGHVTpMhORpYF5k_eTYVMeJdmLMZqtsJcSKXdEnDH2IPthhySzlQK0DUO_NUuD1LhvR48vhtPNrkrqe8gl7cutAF10igPfqWYKUPgu3xQCkC9txpziepALQ2UUfucqStRq386Qgduztjm-fjJkoNWJFCnCVyGSHHygzxQpCiLz3BZEaChkntXRKTZhn2wykrii3przYc2LnIA94EXk2mlopwrIyzYQm_KpS7Zn4wFzO7aMupQiEPWWk8f2hJka34fimfXas0YncTCeXrbje--3&recommendedFlavor=IN_NETWORK&refId=6VWt%2Fzeb45l5VfgNoXyC6Q%3D%3D&trackingId=atvGImKi5QWXYc3WP%2BBpJw%3D%3D&trk=flagship3_search_srp_jobs
"Software Engineer, Growth and Enablement",https://www.linkedin.com/jobs/view/2361735133/?eBP=CwEAAAF3QjmCyf1xK5zM2AipN95auJsQoeUP6mGeX1iol26DdIx4o0PKGLRIc43nQ5w9PsxGYdscpGc15vXps0lcUMHLNnewb3hyNd0rZovErwVp05IbGd4RGp9cI52tsfp4HGTxGVfPdpOgptAmx2L57a9tbZ_IQUf26GPSb-ahhyaGHhaQSyeuDLKSVLd-xK6gIX50PYzxHiAPxiJXrC6MMx35P4qeYClH7dAtMkdtBm1VUhYE4DC5eidUeTDtg7KQHo3kQ1IDgmQXYxRWtwbC6iaAf31JVhAjy_-5fO_g8CIVwXQwU0nWHmnBeeXqp7G55J-F9DGfQSOcXvs9_XPjQt6vbZVtoW5Ky_wUjOzZ&recommendedFlavor=ACTIVELY_HIRING_COMPANY&refId=6VWt%2Fzeb45l5VfgNoXyC6Q%3D%3D&trackingId=F7sDIFXkejSZR1WvfwGBjg%3D%3D&trk=flagship3_search_srp_jobs
"Senior Android Developer – Full-time, Remote",https://www.linkedin.com/jobs/view/2364168502/?eBP=CwEAAAF3QjmCylGN-sVVqvbHF_IRDFYul2dzg3Fu5_NQ23j0I2cMqbWRSS9O-HQZDxrvZu7l4P8gLCdNdCvl7SdGiCQ9bn9vjdGKs9XjH_kL6wD1oFcno3lHKTnBpNAIOICM66yykH3EBJVTYs_r7VmcfXpssTZpS9PPhDCU0LZgI3VEJi6rV0WBU5XlRfaO9ZbYTHAnLFC4x9HY0s0-0D3_SNKHJCXWnOirKxdeTO-U8EPhiW-qtw23V5dgj9MB0vI3z-hTPa7nVdI4Rb7jBwEIZp1ay6-dEbwm6eK9b2pdvVO3gUQKCoK4jtj0sphKo9nWddnAJVHdo79zDwlwBzc__LRImRV3hAjTitMpzA&recommendedFlavor=ACTIVELY_HIRING_COMPANY&refId=6VWt%2Fzeb45l5VfgNoXyC6Q%3D%3D&trackingId=1ViN4z1aVDTu785wq9ml8Q%3D%3D&trk=flagship3_search_srp_jobs
Oracle Developer,https://www.linkedin.com/jobs/view/2388094612/?eBP=JOB_SEARCH_ORGANIC&refId=6VWt%2Fzeb45l5VfgNoXyC6Q%3D%3D&trackingId=nrrHuZA1bf5NkTTt3H8wtg%3D%3D&trk=flagship3_search_srp_jobs
"Front End Developer SSR/SR Coghlan, CABA",https://www.linkedin.com/jobs/view/2386221693/?eBP=JOB_SEARCH_ORGANIC&refId=6VWt%2Fzeb45l5VfgNoXyC6Q%3D%3D&trackingId=pl%2BuucZdhfmoTAwHTCjy%2BQ%3D%3D&trk=flagship3_search_srp_jobs
